Facility ID,Location ID,Facility Name,Branch Street,Branch City,Branch ZIP,State,Website,Company Domain,Indoor Court Status,Qualification Status,Is Multi Location,Location Count,Source URLs
OR-0001,OR-0001-A,Adrian Olmstead,,Sherwood,,OR,https://adrianolmstead.com/,adrianolmstead.com,Indoor,Confirmed Indoor,No,1,https://adrianolmstead.com/ | https://adrianolmstead.com/about/lake-oswego-realtor-adrian-olmstead/ | https://adrianolmstead.com/about/testimonials/ | https://adrianolmstead.com/contact/
OR-0002,OR-0002-A,Allied Products | Athletic Sports Flooring | Commercial Rubber Flooring | Racquetball Court Construction | Squash Courts,,Sherwood,,OR,https://alliedproductsllc.com/,alliedproductsllc.com,Indoor,Confirmed Indoor,No,1,https://alliedproductsllc.com/ | https://alliedproductsllc.com/about/ | https://alliedproductsllc.com/racquetball-court-construction/ | https://alliedproductsllc.com/squash-court-construction/ | https://alliedproductsllc.com/racquetball-court-construction/pickleball-court/ | https://alliedproductsllc.com/led-court-lights/
OR-0003,OR-0003-A,Baker City Church of the Nazarene,,Baker City,,OR,https://bakernaz.com/,bakernaz.com,Indoor,Confirmed Indoor,No,1,https://bakernaz.com/ | https://bakernaz.com/welcome/contact-us/ | https://bakernaz.com/staff/ | https://bakernaz.com/who-we-are/ | https://bakernaz.com/facilities/
OR-0004,OR-0004-A,Basketball Shooting Machine,,Milwaukie,,OR,https://www.drdishbasketball.com/,drdishbasketball.com,Indoor,Confirmed Indoor,No,1,https://www.drdishbasketball.com/ | https://www.drdishbasketball.com/upgrade | https://www.drdishbasketball.com/home/membership | https://www.drdishbasketball.com/facilities | https://www.drdishbasketball.com/facilities/products/fclty | https://www.drdishbasketball.com/facilities/products/fclty1 | https://www.drdishbasketball.com/facilities/featured
OR-0005,OR-0005-A,Beaverton Soccer / LIL'BEAVERS SOCCER ACADEMY is more than just soccer alone,,Beaverton,,OR,https://www.beavertonsoccer.com/,beavertonsoccer.com,Indoor,Confirmed Indoor,No,1,https://www.beavertonsoccer.com/ | https://www.beavertonsoccer.com/lil-beavers-soccer-acadamy/ | https://www.beavertonsoccer.com/about-beaverton-soccer/
OR-0006,OR-0006-A,Beaverton Sports Club,,Portland,,OR,https://www.beavertonsportsclub.com/,beavertonsportsclub.com,Indoor,Confirmed Indoor,No,1,https://www.beavertonsportsclub.com/ | https://www.beavertonsportsclub.com/membership.html
OR-0007,OR-0007-A,Best Local Businesses and Services You Can Trust,,Portland,,OR,https://www.bestprosintown.com/,bestprosintown.com,Indoor,Confirmed Indoor,No,1,https://www.bestprosintown.com/ | https://www.bestprosintown.com/contact.php | https://www.bestprosintown.com/about.php
OR-0008,OR-0008-A,BGCA,1215 SE Hill Street,Albany,97322,OR,https://bgc-albany.org/,bgc-albany.org,Indoor,Confirmed Indoor,Yes,2,https://bgc-albany.org/ | https://bgc-albany.org/leadership/ | https://bgc-albany.org/board-leadership/ | https://bgc-albany.org/contact-us/ | https://bgc-albany.org/program/ | https://bgc-albany.org/registration/ | https://bgc-albany.org/summer-program/
OR-0008,OR-0008-B,BGCA,425 SE Columbus Street,Albany,97321,OR,https://bgc-albany.org/,bgc-albany.org,Indoor,Confirmed Indoor,Yes,2,https://bgc-albany.org/ | https://bgc-albany.org/leadership/ | https://bgc-albany.org/board-leadership/ | https://bgc-albany.org/contact-us/ | https://bgc-albany.org/program/ | https://bgc-albany.org/registration/ | https://bgc-albany.org/summer-program/
OR-0009,OR-0009-A,Bruins Men's Basketball Camps,,Newberg,,OR,https://mensbasketball.bruincamps.com/,mensbasketball.bruincamps.com,Indoor,Confirmed Indoor,No,1,https://mensbasketball.bruincamps.com/ | https://mensbasketball.bruincamps.com/facilities-and-directions.cfm | https://mensbasketball.bruincamps.com/contact-us.cfm
OR-0010,OR-0010-A,Businesses in the United States // WhereOrg,,,,OR,https://www.whereorg.com/,whereorg.com,Indoor,Confirmed Indoor,No,1,https://www.whereorg.com/ | https://www.whereorg.com/businesses/car-rental-all | https://www.whereorg.com/administration-of-economic-programs-all | https://www.whereorg.com/administration-of-environmental-quality-and-housing-programs-all | https://www.whereorg.com/administration-of-human-resource-programs-all | https://www.whereorg.com/engineering-accounting-research-management-related-services-all
OR-0011,OR-0011-A,Cascadia Pickleball Zone,,Brookings,,OR,https://cascadiapickleballzone.com/,cascadiapickleballzone.com,Indoor,Confirmed Indoor,No,1,https://cascadiapickleballzone.com/ | https://cascadiapickleballzone.com/membership-%26-pricing | https://cascadiapickleballzone.com/about | https://cascadiapickleballzone.com/contact-us | https://cascadiapickleballzone.com/book-a-court
OR-0012,OR-0012-A,Coastal Elite Basketball,,Florence,,OR,https://www.coastalelitebasketball.net/,coastalelitebasketball.net,Indoor,Confirmed Indoor,No,1,https://www.coastalelitebasketball.net/ | https://www.coastalelitebasketball.net/about | https://www.coastalelitebasketball.net/contact | https://www.coastalelitebasketball.net/services-store/p/advanced-service-a39s2
OR-0013,OR-0013-A,crrc,,Gladstone,,OR,https://www.clackamasriverracquetclub.com/,clackamasriverracquetclub.com,Indoor,Confirmed Indoor,No,1,https://www.clackamasriverracquetclub.com/ | https://www.clackamasriverracquetclub.com/facilities | https://www.clackamasriverracquetclub.com/membership | https://www.clackamasriverracquetclub.com/about-3 | https://www.clackamasriverracquetclub.com/contact | https://www.clackamasriverracquetclub.com/instructors
OR-0014,OR-0014-A,"David Bissett Architect, PC",,Portland,,OR,https://www.dbaarch.com/,dbaarch.com,Indoor,Confirmed Indoor,No,1,https://www.dbaarch.com/ | https://www.dbaarch.com/about/ | https://www.dbaarch.com/contact/
OR-0015,OR-0015-A,East County Pickleball Courts,27100 SE Stark St,Troutdale,97060,OR,https://eastcountypickleballcourts.com/,eastcountypickleball.com,Indoor,Confirmed Indoor,No,1,https://eastcountypickleballcourts.com/ | https://eastcountypickleballcourts.com/memberships | https://eastcountypickleballcourts.com/programs-%26-events | https://eastcountypickleballcourts.com/contact | https://eastcountypickleballcourts.com/about
OR-0016,OR-0016-A,Eastern Oregon University Athletics,,La Grande,,OR,https://eousports.com/,eousports.com,Indoor,Confirmed Indoor,No,1,https://eousports.com/ | https://eousports.com/news/2026/4/12/womens-lacrosse-mountaineers-close-program-history-with-dominant-17-1-victory-over-portland.aspx | https://eousports.com/404-1.aspx?url=%2feastern+oregon+athletics | https://eousports.com/404-1.aspx?url=%2feou+athletics | https://eousports.com/staff-directory | https://eousports.com/sports/2026/3/18/sports-medicine-staff.aspx | https://eousports.com/documents/2023/9/5/2023-24_Eastern_Oregon_Athletics_Day_Off_Policy.pdf
OR-0017,OR-0017-A,ECS,2895 Chad Drive,Eugene,97408,OR,https://www.eugenechristianschool.com/,eugenechristianschool.com,Indoor,Confirmed Indoor,Yes,2,https://www.eugenechristianschool.com/ | https://www.eugenechristianschool.com/copy-of-about-us | https://www.eugenechristianschool.com/meet-the-team | https://www.eugenechristianschool.com/athletics | https://www.eugenechristianschool.com/facility | https://www.eugenechristianschool.com/stafftoolkit
OR-0017,OR-0017-B,ECS,3550 Fox Meadow Rd,Eugene,97408,OR,https://www.eugenechristianschool.com/,eugenechristianschool.com,Indoor,Confirmed Indoor,Yes,2,https://www.eugenechristianschool.com/ | https://www.eugenechristianschool.com/copy-of-about-us | https://www.eugenechristianschool.com/meet-the-team | https://www.eugenechristianschool.com/athletics | https://www.eugenechristianschool.com/facility | https://www.eugenechristianschool.com/stafftoolkit
OR-0018,OR-0018-A,EForce Sports,,Milwaukie,,OR,https://www.eforcesports.com/,eforcesports.com,Indoor,Confirmed Indoor,No,1,https://www.eforcesports.com/ | https://www.eforcesports.com/performance/online-performance-programs | https://www.eforcesports.com/programs | https://www.eforcesports.com/track-and-field | https://www.eforcesports.com/baseball-softball/programs | https://www.eforcesports.com/about/locations | https://www.eforcesports.com/about
OR-0019,OR-0019-A,"Epuerto Sports - Soccer, Track and Field, Basketball, Volleyball, Teqball",2420 Marion St.,North Bend,97459,OR,https://epuertosports.com/,epuertosports.com,Indoor,Confirmed Indoor,No,1,https://epuertosports.com/ | https://epuertosports.com/contact/ | https://epuertosports.com/kids-party-inflatable-rental/ | https://epuertosports.com/family-sports-membership-options/ | https://epuertosports.com/guide-to-sports-complex-rentals/ | https://epuertosports.com/summer-soccer-programs-for-toddlers/ | https://epuertosports.com/summer-soccer-programs-for-high-school-students/
OR-0020,OR-0020-A,Eugene Sports Hub,,County,,OR,https://www.eugenesportshub.com/,eugenesportshub.com,Indoor,Confirmed Indoor,No,1,https://www.eugenesportshub.com/ | https://www.eugenesportshub.com/programs | https://www.eugenesportshub.com/signup | https://www.eugenesportshub.com/contact | https://www.eugenesportshub.com/about | https://www.eugenesportshub.com/list-your-program
OR-0021,OR-0021-A,Events from August 12,00 am Legion Park 1385 Park Avenue,Woodburn,,OR,https://calendar.wou.edu/,calendar.wou.edu,Indoor,Confirmed Indoor,Yes,2,https://calendar.wou.edu/
OR-0021,OR-0021-B,Events from August 12,345 N Monmouth Ave,Monmouth,,OR,https://calendar.wou.edu/,calendar.wou.edu,Indoor,Confirmed Indoor,Yes,2,https://calendar.wou.edu/
OR-0022,OR-0022-A,evergreenracquetclub,,Portland,,OR,https://www.erctennis.com/,erctennis.com,Indoor,Confirmed Indoor,No,1,https://www.erctennis.com/ | https://www.erctennis.com/about-erc | https://www.erctennis.com/court-rates | https://www.erctennis.com/programs | https://www.erctennis.com/membership | https://www.erctennis.com/contact
OR-0023,OR-0023-A,Florence Oregon PickleBall Club,,Florence,,OR,https://www.florenceoregonpickleballclub.org/,florenceoregonpickleballclub.org,Indoor,Confirmed Indoor,No,1,https://www.florenceoregonpickleballclub.org/ | https://www.florenceoregonpickleballclub.org/contact/ | https://www.florenceoregonpickleballclub.org/wp-content/uploads/2025/07/Courts-Before-scaled.jpg | https://www.florenceoregonpickleballclub.org/wp-content/uploads/2025/07/Courts-After-scaled.jpg
OR-0024,OR-0024-A,Foundry Padel,8613 N Crawford St,Portland,97203,OR,https://www.foundrypadel.com/,foundrypadel.com,Indoor,Confirmed Indoor,No,1,https://www.foundrypadel.com/ | https://www.foundrypadel.com/memberships | https://www.foundrypadel.com/book | https://www.foundrypadel.com/the-club | https://www.foundrypadel.com/contact
OR-0025,OR-0025-A,FuturePlay Sports Campus,,Happy Valley,,OR,https://futureplaysports.info/,futureplaysports.info,Indoor,Confirmed Indoor,No,1,https://futureplaysports.info/
OR-0026,OR-0026-A,G3 Volleyball,,Corvallis,,OR,https://www.gthreevolleyball.com/,gthreevolleyball.com,Indoor,Confirmed Indoor,No,1,https://www.gthreevolleyball.com/ | https://www.gthreevolleyball.com/contact
OR-0027,OR-0027-A,Gladstone Pickleball Club,400 E. Exeter Street,Gladstone,,OR,https://gladstonepickleballclub.com/,gladstonepickleballclub.com,Indoor,Confirmed Indoor,No,1,https://gladstonepickleballclub.com/ | https://gladstonepickleballclub.com/membership | https://gladstonepickleballclub.com/court-etiquette%2Fethics | https://gladstonepickleballclub.com/about-us | https://gladstonepickleballclub.com/contact-us
OR-0028,OR-0028-A,Go Eastern Oregon,911 Jefferson Ave.,La Grande,97814,OR,https://goeasternoregon.com/,goeasternoregon.com,Indoor,Confirmed Indoor,No,1,https://goeasternoregon.com/ | https://goeasternoregon.com/services/about-us/ | https://goeasternoregon.com/services/contact-us/ | https://goeasternoregon.com/2026/07/27/out-and-about-tempting-gravity-and-bicycle-wheel-tightness-on-the-shoreline-trail-at-phillips-reservoir/ | https://goeasternoregon.com/2026/08/04/out-and-about-pondering-the-past-on-the-oregon-trail/
OR-0029,OR-0029-A,GRFC,,La Grande,,OR,https://www.grfitnessclub.com/,grfitnessclub.com,Indoor,Confirmed Indoor,No,1,https://www.grfitnessclub.com/ | https://www.grfitnessclub.com/about-us | https://www.grfitnessclub.com/memberships | https://www.grfitnessclub.com/sign-up
OR-0030,OR-0030-A,Harbor Isles Tennis & Fitness Club,,Klamath Falls,,OR,https://harbortennisandfitness.com/,harbortennisandfitness.com,Indoor,Confirmed Indoor,No,1,https://harbortennisandfitness.com/ | https://harbortennisandfitness.com/membership/ | https://harbortennisandfitness.com/tennis/ | https://harbortennisandfitness.com/staff/ | https://harbortennisandfitness.com/contact-us/
OR-0031,OR-0031-A,Hillsboro Rush,,,,OR,https://www.hillsbororush.org/,hillsbororush.org,Indoor,Confirmed Indoor,No,1,https://www.hillsbororush.org/ | https://www.hillsbororush.org/about-us/ | https://www.hillsbororush.org/about-us/why-rush/ | https://www.hillsbororush.org/programs/ | https://www.hillsbororush.org/programs/juniors/ | https://www.hillsbororush.org/competitive-program/
OR-0032,OR-0032-A,Home -- North Pacific Juniors Volleyball,,Salem,,OR,https://www.npjvolleyball.com/page/home,npjvolleyball.com,Indoor,Confirmed Indoor,No,1,https://www.npjvolleyball.com/page/home | https://www.npjvolleyball.com/page/about | https://www.npjvolleyball.com/page/facilities | https://www.npjvolleyball.com/page/upcoming-programming | https://www.npjvolleyball.com/page/bend-programming | https://www.npjvolleyball.com/page/seattle-programming | https://www.npjvolleyball.com/page/salem-programming
OR-0033,OR-0033-A,Home -- NPJ Sports Zone,1307 NE 1st St,Bend,97701,OR,https://www.npjsportszone.com/page/home,npjsportszone.com,Indoor,Confirmed Indoor,No,1,https://www.npjsportszone.com/page/home | https://www.npjsportszone.com/page/facility-rentals
OR-0034,OR-0034-A,HOOD RIVER ATHLETIC CLUB,,Hood River,,OR,https://www.hoodriverathleticclub.com/,hoodriverathleticclub.com,Indoor,Confirmed Indoor,No,1,https://www.hoodriverathleticclub.com/ | https://www.hoodriverathleticclub.com/tennis | https://www.hoodriverathleticclub.com/membership
OR-0035,OR-0035-A,Jumbo,,Beaverton,,OR,https://www.jumbospickleball.com/,jumbospickleball.com,Indoor,Confirmed Indoor,No,1,https://www.jumbospickleball.com/ | https://www.jumbospickleball.com/programs | https://www.jumbospickleball.com/royalmemberships | https://www.jumbospickleball.com/seniormemberships | https://www.jumbospickleball.com/beaverton
OR-0036,OR-0036-A,KO Tennis,790 82nd Drive,Gladstone,97027,OR,https://teamkotennis.com/,teamkotennis.com,Indoor,Confirmed Indoor,No,1,https://teamkotennis.com/
OR-0037,OR-0037-A,Kōkua,,California,,OR,https://www.kokuavbc.com/,kokuavbc.com,Indoor,Confirmed Indoor,No,1,https://www.kokuavbc.com/ | https://www.kokuavbc.com/facility | https://www.kokuavbc.com/contact | https://www.kokuavbc.com/memberships
OR-0038,OR-0038-A,Lewis & Clark College,,Portland,,OR,https://golcathletics.com/,golcathletics.com,Indoor,Confirmed Indoor,No,1,https://golcathletics.com/ | https://golcathletics.com/staff-directory | https://golcathletics.com/sports/2022/5/18/information-sports-information-staff.aspx | https://golcathletics.com/sports/2022/5/18/about-Mission-Vission-AT-Mission-Vission.aspx | https://golcathletics.com/sports/2023/9/18/mental-health-validation-program-mvp.aspx | https://golcathletics.com/sports/2022/5/18/about-Hotels-Lodging-for-Visiting-Teams.aspx
OR-0039,OR-0039-A,Lincoln City Vacation Rentals,,Lincoln City,,OR,https://keystonevacationsoregon.com/,keystonevacationsoregon.com,Indoor,Confirmed Indoor,No,1,https://keystonevacationsoregon.com/ | https://keystonevacationsoregon.com/oregon-coast-rentals/results.cfm | https://keystonevacationsoregon.com/lincoln-city-vacation-rentals | https://keystonevacationsoregon.com/depoe-bay-vacation-rentals | https://keystonevacationsoregon.com/guest-information/rental-policies | https://keystonevacationsoregon.com/about | https://keystonevacationsoregon.com/about-keystone/contact-us
OR-0040,OR-0040-A,Lion Sports,,,,OR,https://www.lionsportsusa.com/?[object%20Object],lionsportsusa.com,Indoor,Confirmed Indoor,No,1,https://www.lionsportsusa.com/?[object%20Object] | https://www.lionsportsusa.com/programs | https://www.lionsportsusa.com/programs/coaching-training | https://www.lionsportsusa.com/programs/youth-programs | https://www.lionsportsusa.com/programs/leagues | https://www.lionsportsusa.com/programs/camps | https://www.lionsportsusa.com/membership
OR-0041,OR-0041-A,Lloyd Athletic Club,,Portland,,OR,https://lloydathleticclub.com/,lloydathleticclub.com,Indoor,Confirmed Indoor,No,1,https://lloydathleticclub.com/ | https://lloydathleticclub.com/product/perimenopause-strength-training-program-2/ | https://lloydathleticclub.com/about-us/ | https://lloydathleticclub.com/membership-information/ | https://lloydathleticclub.com/racquetball-squash-wallyball/ | https://lloydathleticclub.com/full-compact-court-basketball/
OR-0042,OR-0042-A,M&M Marketplace,346 SW Walnut St,Hillsboro,97123,OR,https://mandmmarketplace.com/,mandmmarketplace.com,Indoor,Confirmed Indoor,No,1,https://mandmmarketplace.com/ | https://mandmmarketplace.com/about-us/ | https://mandmmarketplace.com/contact-page/ | https://mandmmarketplace.com/directory/
OR-0043,OR-0043-A,Macleay Conference & Retreat Center,,Salem,,OR,https://experiencemacleay.org/,macleay.org,Indoor,Confirmed Indoor,No,1,https://experiencemacleay.org/ | https://experiencemacleay.org/about/ | https://experiencemacleay.org/about/contact/
OR-0044,OR-0044-A,Mittleman Jewish Community Center,6651 SW Capitol Highway,Portland,97219,OR,https://www.oregonjcc.org/,oregonjcc.org,Indoor,Confirmed Indoor,No,1,https://www.oregonjcc.org/ | https://www.oregonjcc.org/about-us/contact-us | https://www.oregonjcc.org/about-us | https://www.oregonjcc.org/about-us/directions-hours | https://www.oregonjcc.org/about-us/todays-calendar | https://www.oregonjcc.org/about-us/employment | https://www.oregonjcc.org/about-us/support-our-center
OR-0045,OR-0045-A,NewsRegister.com,,Mcminnville,,OR,https://newsregister.com/,newsregister.com,Indoor,Confirmed Indoor,No,1,https://newsregister.com/ | https://newsregister.com/cat-crime-courts | https://newsregister.com/directory | https://newsregister.com/article | https://newsregister.com/about-newsregister | https://newsregister.com/contact-us
OR-0046,OR-0046-A,Non-Profit Volleyball Training Group,13231 SE Sunnyside Rd,Clackamas,97015,OR,https://www.mdcvolley.com/,mdcvolley.com,Indoor,Confirmed Indoor,No,1,https://www.mdcvolley.com/ | https://www.mdcvolley.com/about-mdc-volley | https://www.mdcvolley.com/contact-mdc-volley-organization
OR-0047,OR-0047-A,North East Tennis Center,1075 Tutuilla Rd,Pendleton,97801,OR,https://www.pendletonnet.com/,pendletonnet.com,Indoor,Confirmed Indoor,No,1,https://www.pendletonnet.com/ | https://www.pendletonnet.com/contact-us
OR-0048,OR-0048-A,Northeast Community Center,,Portland,,OR,https://necommunitycenter.org/,necommunitycenter.org,Indoor,Confirmed Indoor,No,1,https://necommunitycenter.org/ | https://necommunitycenter.org/our-facility/ | https://necommunitycenter.org/staff/ | https://necommunitycenter.org/membership-packages/ | https://necommunitycenter.org/parkinsons/ | https://necommunitycenter.org/youth/
OR-0049,OR-0049-A,NP Beach Club,,Portland,,OR,https://npbva.vsites.com/,npbva.vsites.com,Indoor,Confirmed Indoor,No,1,https://npbva.vsites.com/ | https://npbva.vsites.com/about-us | https://npbva.vsites.com/staff-bios | https://npbva.vsites.com/about-professional | https://npbva.vsites.com/about-hp | https://npbva.vsites.com/about-advance | https://npbva.vsites.com/about-rec
OR-0050,OR-0050-A,NW Elite Volleyball Club,,,,OR,https://www.nwelitevbc.com/,nwelitevbc.com,Indoor,Confirmed Indoor,No,1,https://www.nwelitevbc.com/ | https://www.nwelitevbc.com/about | https://www.nwelitevbc.com/coaches | https://www.nwelitevbc.com/reviews
OR-0051,OR-0051-A,NWISR,,Portland,,OR,https://www.nwisr.net/,nwisr.com,Indoor,Confirmed Indoor,No,1,https://www.nwisr.net/
OR-0052,OR-0052-A,Oregon Badminton Academy,11150 SW Allen Blvd,Beaverton,97005,OR,https://orbadminton.com/,orbadminton.com,Indoor,Confirmed Indoor,No,1,https://orbadminton.com/ | https://orbadminton.com/about/ | https://orbadminton.com/court-reservations/ | https://orbadminton.com/membership/ | https://orbadminton.com/memberships/ | https://orbadminton.com/contact/
OR-0053,OR-0053-A,Oregon Sand Volleyball Club,922 3rd Place,Springfield,,OR,https://oregonsandvolleyballclub.com/,oregonsandvolleyballclub.com,Indoor,Confirmed Indoor,No,1,https://oregonsandvolleyballclub.com/
OR-0054,OR-0054-A,Oregon Soccer Club,,,,OR,https://www.oregonsc.com/,oregonsc.com,Indoor,Confirmed Indoor,No,1,https://www.oregonsc.com/ | https://www.oregonsc.com/page/show/2565622-about-us | https://www.oregonsc.com/program-structure-changes | https://www.oregonsc.com/news_article/show/1347140 | https://www.oregonsc.com/age-group-changes
OR-0055,OR-0055-A,Oregon State University Rec Sports,,,,OR,https://shop.recsports.oregonstate.edu/,recsports.oregonstate.edu,Indoor,Confirmed Indoor,No,1,https://shop.recsports.oregonstate.edu/ | https://shop.recsports.oregonstate.edu/Error/NotFound | https://shop.recsports.oregonstate.edu/Program | https://shop.recsports.oregonstate.edu/Account/SignIn?ReturnUrl=%2FMembership%2FGetMembershipSummary | https://shop.recsports.oregonstate.edu/Account/SignIn?ReturnUrl=%2FMultiVisitPass%2FGetProducts | https://shop.recsports.oregonstate.edu/Account/SignIn?ReturnUrl=%2FMembership%2FIndex
OR-0056,OR-0056-A,OutWest Fitness,217 South Broadway,Coos Bay,97420,OR,https://www.outwest-fitness.com/,outwest-fitness.com,Indoor,Confirmed Indoor,No,1,https://www.outwest-fitness.com/ | https://www.outwest-fitness.com/about-us | https://www.outwest-fitness.com/memberships | https://www.outwest-fitness.com/contact-us | https://www.outwest-fitness.com/hittrax | https://www.outwest-fitness.com/membership-cancellation
OR-0057,OR-0057-A,Play Tennis Near Me,,Portland,,OR,https://playtennisnearme.com/,playtennisnearme.com,Indoor,Confirmed Indoor,No,1,https://playtennisnearme.com/ | https://playtennisnearme.com/about-us/ | https://playtennisnearme.com/contact/
OR-0058,OR-0058-A,Playground Sports,,,,OR,https://playgroundsports.com/,playgroundsports.net,Indoor,Confirmed Indoor,No,1,https://playgroundsports.com/ | https://playgroundsports.com/contact/ | https://playgroundsports.com/about/ | https://playgroundsports.com/event-rentals/ | https://playgroundsports.com/about/news-and-press/
OR-0059,OR-0059-A,Portland Community College,,Portland,,OR,https://www.pcc.edu/,pcc.edu,Indoor,Confirmed Indoor,No,1,https://www.pcc.edu/ | https://www.pcc.edu/programs/ | https://www.pcc.edu/visit/ | https://www.pcc.edu/about/ | https://www.pcc.edu/contacts/ | https://www.pcc.edu/university-transfer/ | https://www.pcc.edu/programs/online/
OR-0060,OR-0060-A,PracticePlan,414 North Meridian Street,Newberg,97132,OR,https://www.practiceplan.io/landing,practiceplan.io,Indoor,Confirmed Indoor,No,1,https://www.practiceplan.io/landing | https://www.practiceplan.io/facilityVideos | https://www.practiceplan.io/signup
OR-0061,OR-0061-A,Preseason Playground,,La Grande,,OR,https://www.preseasonplayground.com/,preseasonplayground.com,Indoor,Confirmed Indoor,No,1,https://www.preseasonplayground.com/
OR-0062,OR-0062-A,RECS,,Portland,,OR,https://wearerecs.com/,wearerecs.com,Indoor,Confirmed Indoor,No,1,https://wearerecs.com/ | https://wearerecs.com/memberships/ | https://wearerecs.com/about/ | https://wearerecs.com/kids-programming-at-recs/ | https://wearerecs.com/locations/
OR-0063,OR-0063-A,Region 149 Home,,Corvallis,,OR,https://www.ayso149.org/,ayso149.org,Indoor,Confirmed Indoor,No,1,https://www.ayso149.org/ | https://www.ayso149.org/Default.aspx
OR-0064,OR-0064-A,Rise Church,10445 SW Canterbury Lane,Tigard,97224,OR,https://www.risetigard.org/,risetigard.org,Indoor,Confirmed Indoor,No,1,https://www.risetigard.org/ | https://www.risetigard.org/our-staff | https://www.risetigard.org/contact | https://www.risetigard.org/facility-rental
OR-0065,OR-0065-A,Rockwellrealestate.com,,Medford,,OR,https://www.rockwellrealestate.com/,rockwellrealestate.com,Indoor,Confirmed Indoor,No,1,https://www.rockwellrealestate.com/ | https://www.rockwellrealestate.com/meet-rockwell-real-estate-group/ | https://www.rockwellrealestate.com/join-our-team/ | https://www.rockwellrealestate.com/join-team/
OR-0066,OR-0066-A,Rose City Futsal,,Tigard,,OR,https://rosecityfutsal.com/,rosecityfutsal.com,Indoor,Confirmed Indoor,No,1,https://rosecityfutsal.com/ | https://rosecityfutsal.com/match-me-with-a-program/ | https://rosecityfutsal.com/indoor-soccer-rental-in-portland/ | https://rosecityfutsal.com/meet-the-rcf-team/ | https://rosecityfutsal.com/contact-us/ | https://rosecityfutsal.com/weather-programming-updates/ | https://rosecityfutsal.com/futsal-in-portland/
OR-0067,OR-0067-A,Sherwood Tennis,,Sherwood,,OR,https://sherwoodtennis.net/,sherwoodtennis.net,Indoor,Confirmed Indoor,No,1,https://sherwoodtennis.net/ | https://sherwoodtennis.net/contact/ | https://sherwoodtennis.net/about/
OR-0068,OR-0068-A,SIX PARK ATHLETIC CENTRE,,Leagues,,OR,https://www.sixpark.ca/,sixpark.ca,Indoor,Confirmed Indoor,No,1,https://www.sixpark.ca/ | https://www.sixpark.ca/pages/the-facility | https://www.sixpark.ca/pages/vaughan-about | https://www.sixpark.ca/pages/east-about-v2 | https://www.sixpark.ca/pages/levels | https://www.sixpark.ca/pages/contact
OR-0069,OR-0069-A,SouthLake Church,21065 SW Stafford Rd,Tualatin,97062,OR,https://www.southlakechurch.com/,southlakechurch.com,Indoor,Confirmed Indoor,No,1,https://www.southlakechurch.com/ | https://www.southlakechurch.com/staff
OR-0070,OR-0070-A,Stymie,,Seaside,,OR,https://stymie.golf/,stymie.golf,Indoor,Confirmed Indoor,No,1,https://stymie.golf/ | https://stymie.golf/golf-courses/arizona/coconino-county/flagstaff/flagstaff-ranch-golf-club | https://stymie.golf/golf-courses | https://stymie.golf/architects | https://stymie.golf/college-golf | https://stymie.golf/practice-facilities | https://stymie.golf/about
OR-0071,OR-0071-A,Superior Douglas County Family YMCA YMCA,,Youth Organizations,,OR,https://superiorymca.org/,superiorymca.org,Indoor,Confirmed Indoor,No,1,https://superiorymca.org/ | https://superiorymca.org/gym-rules | https://superiorymca.org/financial-assistance-for-membership-programs | https://superiorymca.org/facility-features | https://superiorymca.org/facility-rentals-birthday-parties | https://superiorymca.org/ymca-board-staff
OR-0072,OR-0072-A,Superpages THE Local Business Directory,,Distributed Through,,OR,https://www.superpages.com/,superpages.com,Indoor,Confirmed Indoor,No,1,https://www.superpages.com/ | https://www.superpages.com/sitemap | https://www.superpages.com/categories/car-rental | https://www.superpages.com/categories/boat-rental-charter | https://www.superpages.com/about/contact-us | https://www.superpages.com/about/terms-of-use
OR-0073,OR-0073-A,The Courts at Clear Creek,,Gresham,,OR,https://courtsatclearcreek.com/,courtsatclearcreek.com,Indoor,Confirmed Indoor,No,1,https://courtsatclearcreek.com/ | https://courtsatclearcreek.com/facility/ | https://courtsatclearcreek.com/contact/
OR-0074,OR-0074-A,The Dalles Athletic Club,,The Dalles,,OR,https://www.thedallesathleticclub.com/,thedallesathleticclub.com,Indoor,Confirmed Indoor,No,1,https://www.thedallesathleticclub.com/ | https://www.thedallesathleticclub.com/memberships | https://www.thedallesathleticclub.com/contact | https://www.thedallesathleticclub.com/news
OR-0075,OR-0075-A,The Dink Tank,,,,OR,https://dinktankpb.com/,dinktankpb.com,Indoor,Confirmed Indoor,No,1,https://dinktankpb.com/ | https://dinktankpb.com/membership-2024/ | https://dinktankpb.com/about-our-facility-2/ | https://dinktankpb.com/reserve-a-court/ | https://dinktankpb.com/programming/ | https://dinktankpb.com/contact-2/ | https://dinktankpb.com/memberships/
OR-0076,OR-0076-A,The Practice Facility,14655 SW 72nd Ave,Tigard,,OR,https://www.thepracticefacility.com/,thepracticefacility.com,Indoor,Confirmed Indoor,No,1,https://www.thepracticefacility.com/ | https://www.thepracticefacility.com/about | https://www.thepracticefacility.com/shotmaker | https://www.thepracticefacility.com/court-rentals
OR-0077,OR-0077-A,The Premier Pickleball Club,,Redmond,,OR,https://thepremierpickleballclub.com/,thepremierpickleballclub.com,Indoor,Confirmed Indoor,No,1,https://thepremierpickleballclub.com/ | https://thepremierpickleballclub.com/memberships-pricing | https://thepremierpickleballclub.com/contact-us
OR-0078,OR-0078-A,Tillamook County Family YMCA,,Tillamook,,OR,https://www.tillamookymca.org/,tillamookymca.org,Indoor,Confirmed Indoor,No,1,https://www.tillamookymca.org/ | https://www.tillamookymca.org/programs | https://www.tillamookymca.org/court-4 | https://www.tillamookymca.org/diabetes-programs | https://www.tillamookymca.org/memberships | https://www.tillamookymca.org/staff-directory
OR-0079,OR-0079-A,Tualatin Indoor Soccer,,Tualatin,,OR,https://www.tualatinindoor.com/,tualatinindoor.com,Indoor,Confirmed Indoor,No,1,https://www.tualatinindoor.com/ | https://www.tualatinindoor.com/contact-us | https://www.tualatinindoor.com/schedules/youth-league-information
OR-0080,OR-0080-A,Underdog Sports Leagues Portland,1825 NE Broadway,Portland,,OR,https://www.underdogportland.com/,underdogportland.com,Indoor,Confirmed Indoor,No,1,https://www.underdogportland.com/ | https://www.underdogportland.com/page/About | https://www.underdogportland.com/page/Contact | https://www.underdogportland.com/page/Staff | https://www.underdogportland.com/league/102828/details | https://www.underdogportland.com/location/821
OR-0081,OR-0081-A,US HANDBALL,,Portland,,OR,https://www.ushandball.org/,ushandball.org,Indoor,Confirmed Indoor,No,1,https://www.ushandball.org/ | https://www.ushandball.org/about/board-of-directors/ | https://www.ushandball.org/about/bylaws/ | https://www.ushandball.org/about/history-of-handball/ | https://www.ushandball.org/about/mission-statement/ | https://www.ushandball.org/about/national-champions/
OR-0082,OR-0082-A,"UTVC - A public tennis center in Roseburg, Oregon",,Roseburg,,OR,https://www.umpquavalleytennis.com/,umpquavalleytennis.com,Indoor,Confirmed Indoor,No,1,https://www.umpquavalleytennis.com/ | https://www.umpquavalleytennis.com/membership-1 | https://www.umpquavalleytennis.com/staff | https://www.umpquavalleytennis.com/facilities
OR-0083,OR-0083-A,Willamette United FC,,West Linn,,OR,https://willametteunitedfc.com/,willametteunitedfc.com,Indoor,Confirmed Indoor,No,1,https://willametteunitedfc.com/ | https://willametteunitedfc.com/about/ | https://willametteunitedfc.com/competitive-soccer-programs/futures-academy/ | https://willametteunitedfc.com/competitive-soccer-programs/wufc-classic-soccer/ | https://willametteunitedfc.com/competitive-soccer-programs/ | https://willametteunitedfc.com/recreational-soccer-programs/ | https://willametteunitedfc.com/recreational-soccer-programs/k-2-rec-soccer/
OR-0084,OR-0084-A,YMCA of Columbia-Willamette,4805 SW 229th Ave,Aloha,97007,OR,https://ymcacw.org/,ymcacw.org,Indoor,Confirmed Indoor,Yes,3,https://ymcacw.org/ | https://www.ymcacw.org/facility-schedules?date=2026-08-10&locations=&categories=&cn=&inst=&room= | https://ymcacw.org/facility/moda-tower-development-center | https://ymcacw.org/facility/springfield-meadows-child-development-center | https://ymcacw.org/memberships/adults | https://ymcacw.org/memberships/household | https://ymcacw.org/memberships/seniors
OR-0084,OR-0084-B,YMCA of Columbia-Willamette,22256 SW Washington St,Sherwood,97140,OR,https://ymcacw.org/,ymcacw.org,Indoor,Confirmed Indoor,Yes,3,https://ymcacw.org/ | https://www.ymcacw.org/facility-schedules?date=2026-08-10&locations=&categories=&cn=&inst=&room= | https://ymcacw.org/facility/moda-tower-development-center | https://ymcacw.org/facility/springfield-meadows-child-development-center | https://ymcacw.org/memberships/adults | https://ymcacw.org/memberships/household | https://ymcacw.org/memberships/seniors
OR-0084,OR-0084-C,YMCA of Columbia-Willamette,22622 SW Pine St,Sherwood,97140,OR,https://ymcacw.org/,ymcacw.org,Indoor,Confirmed Indoor,Yes,3,https://ymcacw.org/ | https://www.ymcacw.org/facility-schedules?date=2026-08-10&locations=&categories=&cn=&inst=&room= | https://ymcacw.org/facility/moda-tower-development-center | https://ymcacw.org/facility/springfield-meadows-child-development-center | https://ymcacw.org/memberships/adults | https://ymcacw.org/memberships/household | https://ymcacw.org/memberships/seniors
OR-0085,OR-0085-A,541 Jump Klamath Falls OR,,Klamath Falls,,OR,https://541jump.com/,541jump.com,Indoor and outdoor,Indoor and Outdoor,No,1,https://541jump.com/ | https://541jump.com/rentals/package-deals/ | https://541jump.com/rentals/wet-dry-bouncers/ | https://541jump.com/rentals/obstacle-courses/ | https://541jump.com/rentals/jumpers-bounce-houses/ | https://541jump.com/rentals/foam-party/ | https://541jump.com/rentals/tents-tables-and-chairs/
OR-0086,OR-0086-A,Afrim,,,,OR,https://www.afrimsports.com/,afrimsports.com,Indoor and outdoor,Indoor and Outdoor,No,1,https://www.afrimsports.com/ | https://www.afrimsports.com/contact/ | https://www.afrimsports.com/about/ | https://www.afrimsports.com/membership/ | https://www.afrimsports.com/facilities/ | https://www.afrimsports.com/youth-programs/youth-house-team/ | https://www.afrimsports.com/facilities/equipment-policy/
OR-0087,OR-0087-A,Albany Tennis Club,,Albany,,OR,https://albanytennisclub.org/,albanytennisclub.org,Indoor and outdoor,Indoor and Outdoor,No,1,https://albanytennisclub.org/ | https://albanytennisclub.org/pros-page/ | https://albanytennisclub.org/membership/ | https://albanytennisclub.org/about/ | https://albanytennisclub.org/about/contact/ | https://albanytennisclub.org/about/handbook-and-bylaws/ | https://albanytennisclub.org/pool-programs-2/
OR-0088,OR-0088-A,AllBiz,300 NW Oak tree Ln,Redmond,97756,OR,https://www.allbiz.com/,allbiz.com,Indoor and outdoor,Indoor and Outdoor,No,1,https://www.allbiz.com/ | https://www.allbiz.com/business/contactus-communications-614-984-2399 | https://www.allbiz.com/business/about-us-770-516-8812 | https://www.allbiz.com/contact
OR-0089,OR-0089-A,Ashland YMCA,,Ashland,,OR,https://ashlandymca.org/,ashlandymca.org,Indoor and outdoor,Indoor and Outdoor,No,1,https://ashlandymca.org/ | https://ashlandymca.org/facilities/ | https://ashlandymca.org/about-us/ | https://ashlandymca.org/youth-programs/ | https://ashlandymca.org/contact/ | https://ashlandymca.org/join/
OR-0090,OR-0090-A,Athlete Institute,,,,OR,https://www.athleteinstitute.ca/,athleteinstitute.ca,Indoor and outdoor,Indoor and Outdoor,No,1,https://www.athleteinstitute.ca/ | https://www.athleteinstitute.ca/our-team | https://www.athleteinstitute.ca/facilities | https://www.athleteinstitute.ca/rentals-events | https://www.athleteinstitute.ca/contact | https://www.athleteinstitute.ca/opepp
OR-0091,OR-0091-A,Athletic Center - Bend Golf Club,61045 Country Club Drive,Bend,97702,OR,https://bendgolfclub.com/,bendgolfclub.com,Indoor and outdoor,Indoor and Outdoor,No,1,https://bendgolfclub.com/ | https://bendgolfclub.com/membership | https://bendgolfclub.com/evans-scholars-caddie-program | https://bendgolfclub.com/default.aspx | https://bendgolfclub.com/contact-us | https://bendgolfclub.com/meet-the-team | https://bendgolfclub.com/Default.aspx
OR-0092,OR-0092-A,AYSO Corvallis Soccer,,Corvallis,,OR,https://www.corvallisayso.org/,corvallisayso.org,Indoor and outdoor,Indoor and Outdoor,No,1,https://www.corvallisayso.org/ | https://www.corvallisayso.org/form/contact.html | https://www.corvallisayso.org/about/seasons.html | https://www.corvallisayso.org/about.html | https://www.corvallisayso.org/programs.html | https://www.corvallisayso.org/contact.html | https://www.corvallisayso.org/about/board.html
OR-0093,OR-0093-A,"Bay Club: Sports, Outdoor Recreation & Active Lifestyle",,Tigard,,OR,https://bayclubs.com/,bayclubs.com,Indoor and outdoor,Indoor and Outdoor,No,1,https://bayclubs.com/ | https://bayclubs.com/memberships | https://www.bayclubs.com/clubs/courtside | https://bayclubs.com/events | https://bayclubs.com/contact-us | https://bayclubs.com/membershipguidelines | https://www.bayclubs.com/memberships
OR-0094,OR-0094-A,Bend FC,,Bend,,OR,https://www.bendfctimbers.com/,bendfctimbers.com,Indoor and outdoor,Indoor and Outdoor,No,1,https://www.bendfctimbers.com/ | https://www.bendfctimbers.com/about | https://www.bendfctimbers.com/fields | https://www.bendfctimbers.com/bend-fc-soccer-complex-field-rentals | https://www.bendfctimbers.com/staff | https://www.bendfctimbers.com/contact-us | https://www.bendfctimbers.com/competitive-programs
OR-0095,OR-0095-A,Bethany Athletic Club,15670 NW Central Dr,Portland,97229,OR,https://www.bethanyathleticclub.com/,bethanyathleticclub.com,Indoor and outdoor,Indoor and Outdoor,No,1,https://www.bethanyathleticclub.com/ | https://www.bethanyathleticclub.com/membership/ | https://www.bethanyathleticclub.com/kids/after-school-program/ | https://www.bethanyathleticclub.com/kids/party-and-facility-rentals/ | https://www.bethanyathleticclub.com/about/ | https://www.bethanyathleticclub.com/contact/ | https://www.bethanyathleticclub.com/kids/
OR-0096,OR-0096-A,BGCSWO,3333 Walnut Avenue,Coos Bay,97420,OR,https://www.great-futures.org/,great-futures.org,Indoor and outdoor,Indoor and Outdoor,No,1,https://www.great-futures.org/ | https://www.great-futures.org/membership-information | https://www.great-futures.org/contact-us | https://www.great-futures.org/our-programs | https://www.great-futures.org/character-leadership | https://www.great-futures.org/2026-summer-program
OR-0097,OR-0097-A,Black Butte Ranch,,Sisters,,OR,https://www.blackbutteranch.com/,blackbutteranch.com,Indoor and outdoor,Indoor and Outdoor,No,1,https://www.blackbutteranch.com/ | https://www.blackbutteranch.com/lodging/request-a-reservation | https://www.blackbutteranch.com/activities/spa/spa-meet-the-team | https://www.blackbutteranch.com/hours
OR-0098,OR-0098-A,BOSS Sports Performance,,Bend,,OR,https://www.bosssportsperformance.com/,bosssportsperformance.com,Indoor and outdoor,Indoor and Outdoor,No,1,https://www.bosssportsperformance.com/ | https://www.bosssportsperformance.com/about | https://www.bosssportsperformance.com/contact | https://www.bosssportsperformance.com/open-gym-membership | https://www.bosssportsperformance.com/remote-training-and-program-design | https://www.bosssportsperformance.com/facility-rentals-and-parties
OR-0099,OR-0099-A,Brasada Ranch,,Powell Butte,,OR,https://www.brasada.com/,brasada.com,Indoor and outdoor,Indoor and Outdoor,No,1,https://www.brasada.com/ | https://www.brasada.com/contact-us | https://www.brasada.com/bend-oregon-lodging/brasada-ranch-cabin-rentals
OR-0100,OR-0100-A,Brookings OR Pickleball Courts & Beginner Clinics,,Brookings,,OR,https://brookingspickleball.com/,brookingspickleball.com,Indoor and outdoor,Indoor and Outdoor,No,1,https://brookingspickleball.com/
OR-0101,OR-0101-A,Cascade Athletic Club |,,Gresham,,OR,https://cascadeac.com/,cascadeac.com,Indoor and outdoor,Indoor and Outdoor,No,1,https://cascadeac.com/ | https://cascadeac.com/vancouver/fishers-landing-kids-program/kids-club/ | https://cascadeac.com/vancouver/fishers-landing-kids-program/kids-fit/ | https://cascadeac.com/vancouver/fishers-landing-kids-program/kids-camps/ | https://cascadeac.com/gresham/fitness-programs/tribe-team-training/ | https://cascadeac.com/vancouver/fishers-landing-fitness-programs/personal-training/ | https://cascadeac.com/vancouver/fishers-landing-fitness-programs/cascade-balance/
OR-0102,OR-0102-A,Cascade Movement Center,816 SE 1st St,McMinnville,97128,OR,https://cascademovementcenter.com/,cascademovementcenter.com,Indoor and outdoor,Indoor and Outdoor,No,1,https://cascademovementcenter.com/ | https://cascademovementcenter.com/home%2F-contact | https://cascademovementcenter.com/about-us
OR-0103,OR-0103-A,Clear Creek Events,376 NE 219th Ave,Gresham,97030,OR,https://clearcreek-events.com/,clearcreek-events.com,Indoor and outdoor,Indoor and Outdoor,No,1,https://clearcreek-events.com/ | https://clearcreek-events.com/additional-rental-items/ | https://clearcreek-events.com/party-and-rental-form/ | https://clearcreek-events.com/contact/ | https://clearcreek-events.com/project/the-courts/ | https://clearcreek-events.com/project/party-courtyard/
OR-0104,OR-0104-A,Club Northwest,,Grants Pass,,OR,https://clubnw.com/,clubnw.com,Indoor and outdoor,Indoor and Outdoor,No,1,https://clubnw.com/ | https://clubnw.com/about/ | https://clubnw.com/clean-and-green/
OR-0105,OR-0105-A,Columbia Empire Volleyball,,Beaverton,,OR,https://ceva.sportngin.com/,ceva.sportngin.com,Indoor and outdoor,Indoor and Outdoor,No,1,https://ceva.sportngin.com/ | https://ceva.sportngin.com/about
OR-0106,OR-0106-A,Columbia Empire Volleyball Association,,Beaverton,,OR,https://cevaregion.org/,cevaregion.org,Indoor and outdoor,Indoor and Outdoor,No,1,https://cevaregion.org/ | https://cevaregion.org/about/ | https://cevaregion.org/about/corevalues/ | https://cevaregion.org/about/whyceva/ | https://cevaregion.org/about/partners/ | https://cevaregion.org/staff/ | https://cevaregion.org/equipment-rentals/
OR-0107,OR-0107-A,Connect CRE,,Portland,,OR,https://www.connectcre.com/,connectcre.com,Indoor and outdoor,Indoor and Outdoor,No,1,https://www.connectcre.com/
OR-0108,OR-0108-A,Country Club In Medford Oregon,2660 Hillcrest Road,Medford,,OR,https://www.rvcc.com/,rvcc.com,Indoor and outdoor,Indoor and Outdoor,No,1,https://www.rvcc.com/ | https://www.rvcc.com/about-rvcc | https://www.rvcc.com/membership/ | https://www.rvcc.com/contact/ | https://www.rvcc.com/team
OR-0109,OR-0109-A,Courthouse Club Fitness,,,,OR,https://courthousefit.com/,courthousefit.com,Indoor and outdoor,Indoor and Outdoor,No,1,https://courthousefit.com/ | https://courthousefit.com/membership-options/ | https://courthousefit.com/insurance-membership/ | https://courthousefit.com/corporate-membership/ | https://courthousefit.com/childcare/ | https://courthousefit.com/about-us/ | https://courthousefit.com/magazine-archive/
OR-0110,OR-0110-A,Eastern Oregon University,,La Grande,,OR,https://www.eou.edu/,eou.edu,Indoor and outdoor,Indoor and Outdoor,No,1,https://www.eou.edu/ | https://www.eou.edu/academics/on-campus-majors-and-minors/ | https://www.eou.edu/about/ | https://www.eou.edu/about/university-leadership/ | https://www.eou.edu/about/history/ | https://www.eou.edu/about/mission/
OR-0111,OR-0111-A,Eastside Timbers,12402 SE Jennifer Street,Clackamas,97015,OR,https://www.eastsidetimbers.com/,eastsidetimbers.com,Indoor and outdoor,Indoor and Outdoor,Yes,2,https://www.eastsidetimbers.com/ | https://www.eastsidetimbers.com/aboutus | https://www.eastsidetimbers.com/programs | https://www.eastsidetimbers.com/opfprograms | https://www.eastsidetimbers.com/fieldrentals | https://www.eastsidetimbers.com/thisiseastside
OR-0111,OR-0111-B,Eastside Timbers,4710 SE 174th Ave,Portland,97236,OR,https://www.eastsidetimbers.com/,eastsidetimbers.com,Indoor and outdoor,Indoor and Outdoor,Yes,2,https://www.eastsidetimbers.com/ | https://www.eastsidetimbers.com/aboutus | https://www.eastsidetimbers.com/programs | https://www.eastsidetimbers.com/opfprograms | https://www.eastsidetimbers.com/fieldrentals | https://www.eastsidetimbers.com/thisiseastside
OR-0112,OR-0112-A,Estacada School District 108,,Portland,,OR,https://www.estacadaschools.org/,estacadaschools.org,Indoor and outdoor,Indoor and Outdoor,No,1,https://www.estacadaschools.org/ | https://www.estacadaschools.org/about-us | https://www.estacadaschools.org/about-us/contact-us | https://www.estacadaschools.org/about-us/school-board | https://www.estacadaschools.org/about-us/history | https://www.estacadaschools.org/about-us/strategic-plan | https://www.estacadaschools.org/about-us/continuous-improvement
OR-0113,OR-0113-A,Eugene Family YMCA,,Eugene,,OR,https://www.eugeneymca.org/,eugeneymca.org,Indoor and outdoor,Indoor and Outdoor,No,1,https://www.eugeneymca.org/ | https://www.eugeneymca.org/membership | https://www.eugeneymca.org/membership/join-y | https://www.eugeneymca.org/membership/membership-benefits | https://www.eugeneymca.org/membership/new-ymca-app | https://www.eugeneymca.org/membership/faqs | https://www.eugeneymca.org/programs
OR-0114,OR-0114-A,Eugene Swim & Tennis Club,2766 Crescent Avenue,Eugene,97408,OR,https://estc.org/,estc.org,Indoor and outdoor,Indoor and Outdoor,No,1,https://estc.org/ | https://estc.org/contact/ | https://estc.org/tennis-2/tennis-staff/ | https://estc.org/pickleball/pickleball-staff/ | https://estc.org/join/ | https://estc.org/contact/employment-at-estc/
OR-0115,OR-0115-A,"Eugene, Cascades & Oregon Coast",550 Pearl St,Eugene,97401,OR,https://www.eugenecascadescoast.org/,eugenecascadescoast.org,Indoor and outdoor,Indoor and Outdoor,No,1,https://www.eugenecascadescoast.org/ | https://www.eugenecascadescoast.org/about-us/ | https://www.eugenecascadescoast.org/contact/
OR-0116,OR-0116-A,Experience Roseburg,,Roseburg,,OR,https://www.experienceroseburg.com/,experienceroseburg.com,Indoor and outdoor,Indoor and Outdoor,No,1,https://www.experienceroseburg.com/ | https://www.experienceroseburg.com/about-us/ | https://www.experienceroseburg.com/contact/
OR-0117,OR-0117-A,Finezza Futsal Center,,Gladstone,,OR,https://www.finezzafutsal.com/,finezzafutsal.com,Indoor and outdoor,Indoor and Outdoor,No,1,https://www.finezzafutsal.com/
OR-0118,OR-0118-A,FUTbarrio,2919 NW Division St,Gresham,97030,OR,https://www.futbarrio.com/,futbarrio.com,Indoor and outdoor,Indoor and Outdoor,No,1,https://www.futbarrio.com/ | https://www.futbarrio.com/court-rentals | https://www.futbarrio.com/policies/court-rental
OR-0119,OR-0119-A,G3 SPORTS & FITNESS,,Corvallis,,OR,https://www.gthreesports.com/,gthreesports.com,Indoor and outdoor,Indoor and Outdoor,No,1,https://www.gthreesports.com/ | https://www.gthreesports.com/membership | https://www.gthreesports.com/youth-strength-conditioning-program | https://www.gthreesports.com/courts-batting-cage | https://www.gthreesports.com/volleyball
OR-0120,OR-0120-A,George Fox University,,Newberg,,OR,https://www.georgefox.edu/,georgefox.edu,Indoor and outdoor,Indoor and Outdoor,No,1,https://www.georgefox.edu/ | https://www.georgefox.edu/about/index.html | https://www.georgefox.edu/college-admissions/academics/major/engineering.html | https://www.georgefox.edu/be-known/index.html | https://www.georgefox.edu/admission/graduate/programs.html | https://www.georgefox.edu/contact.html | https://www.georgefox.edu/about/location.html
OR-0121,OR-0121-A,Glendoveer Golf Course,,Portland,,OR,https://www.playglendoveer.com/,playglendoveer.com,Indoor and outdoor,Indoor and Outdoor,No,1,https://www.playglendoveer.com/ | https://www.playglendoveer.com/events/patio-outdoor-space | https://www.playglendoveer.com/lessons/golf-academy-lesson-memberships | https://www.playglendoveer.com/contact | https://www.playglendoveer.com/contact/employment | https://www.playglendoveer.com/contact/charity-donation-request
OR-0122,OR-0122-A,Gorge Soccer,,,,OR,https://gorgesoccer.net/,gorgesoccer.net,Indoor and outdoor,Indoor and Outdoor,No,1,https://gorgesoccer.net/ | https://gorgesoccer.net/about | https://gorgesoccer.net/meetthestaff | https://gorgesoccer.net/contact
OR-0123,OR-0123-A,"Hawthorn Farm Athletic Club in Hillsboro, OR",4800 NE Belknap Ct,Hillsboro,,OR,https://hfac.com/,hfac.com,Indoor and outdoor,Indoor and Outdoor,No,1,https://hfac.com/ | https://hfac.com/who-we-are/ | https://hfac.com/leadership-team/ | https://hfac.com/membership-overview/ | https://hfac.com/refer-a-friend/ | https://hfac.com/free-trial-pass/ | https://hfac.com/court-sport-schedule/
OR-0124,OR-0124-A,Henry's Take,,Bend,,OR,https://henrystake.com/,henrystake.com,Indoor and outdoor,Indoor and Outdoor,No,1,https://henrystake.com/ | https://henrystake.com/about-us/ | https://henrystake.com/contact-us/ | https://henrystake.com/flagstaff-arizona/
OR-0125,OR-0125-A,Hillsboro Futsal,330 SW Walnut St,Hillsboro,97123,OR,https://hillsborofutsal.com/,hillsborofutsal.com,Indoor and outdoor,Indoor and Outdoor,No,1,https://hillsborofutsal.com/ | https://hillsborofutsal.com/field-rentals/ | https://hillsborofutsal.com/special-events-rental/ | https://hillsborofutsal.com/contact-us/ | https://hillsborofutsal.com/academy/
OR-0126,OR-0126-A,Inspire Courts,,Register,,OR,https://www.inspirecourts.com/,inspirecourts.com,Indoor and outdoor,Indoor and Outdoor,No,1,https://www.inspirecourts.com/ | https://www.inspirecourts.com/facility | https://www.inspirecourts.com/about | https://www.inspirecourts.com/contact | https://www.inspirecourts.com/inquire/court-rental | https://www.inspirecourts.com/book
OR-0127,OR-0127-A,Irvington Club,2131 NE Thompson Street,Portland,97212,OR,https://irvingtonclub.com/,irvingtonclub.com,Indoor and outdoor,Indoor and Outdoor,No,1,https://irvingtonclub.com/ | https://irvingtonclub.com/facilities | https://irvingtonclub.com/contact-1 | https://irvingtonclub.com/team-2 | https://irvingtonclub.com/tennis-club-membership | https://irvingtonclub.com/personal-training
OR-0128,OR-0128-A,JoGo.Team,,Portland,,OR,https://jogo.team/,jogo.team,Indoor and outdoor,Indoor and Outdoor,No,1,https://jogo.team/ | https://jogo.team/about/ | https://jogo.team/contact/
OR-0129,OR-0129-A,Junction City Pickleball,,Junction City,,OR,https://junctioncitypickleball.com/,junctioncitypickleball.com,Indoor and outdoor,Indoor and Outdoor,No,1,https://junctioncitypickleball.com/
OR-0130,OR-0130-A,Kids Unlimited Of Oregon,,,,OR,https://kuoregon.org/,kuaoregon.org,Indoor and outdoor,Indoor and Outdoor,No,1,https://kuoregon.org/ | https://kuoregon.org/about-ku/ | https://kuoregon.org/programs/ | https://kuoregon.org/after-school-program/ | https://kuoregon.org/food-program/ | https://kuoregon.org/facilities/ | https://kuoregon.org/contact/
OR-0131,OR-0131-A,"Kidsports - Eugene, Oregon",,Eugene,,OR,https://kidsports.org/,kidsports.org,Indoor and outdoor,Indoor and Outdoor,No,1,https://kidsports.org/ | https://kidsports.org/about/scholarships/ | https://kidsports.org/about/policies/faqs/ | https://kidsports.org/about/policies/illness-wellness/ | https://kidsports.org/about/policies/ | https://kidsports.org/camps-clinics/seasonal-offerings/ | https://kidsports.org/facilities-rental-venue/
OR-0132,OR-0132-A,Klamath Basin Pickleball,,Klamath Falls,,OR,https://www.kbpickleball.com/,kbpickleball.com,Indoor and outdoor,Indoor and Outdoor,No,1,https://www.kbpickleball.com/ | https://www.kbpickleball.com/community-outreach-youth-programs | https://www.kbpickleball.com/membership | https://www.kbpickleball.com/membership/membership-fees
OR-0133,OR-0133-A,La Grande Observer,,La Grande,,OR,https://lagrandeobserver.com/,lagrandeobserver.com,Indoor and outdoor,Indoor and Outdoor,No,1,https://lagrandeobserver.com/ | https://lagrandeobserver.com/about-us/ | https://lagrandeobserver.com/services/contact-us/ | https://lagrandeobserver.com/2026/04/21/chief-joseph-days-rodeo-selects-2026-court-grand-marshal/
OR-0134,OR-0134-A,Linfield University Athletics,,McMinnville,,OR,https://golinfieldwildcats.com/,golinfieldwildcats.com,Indoor and outdoor,Indoor and Outdoor,No,1,https://golinfieldwildcats.com/ | https://golinfieldwildcats.com/sports/2017/7/6/admin | https://golinfieldwildcats.com/staff-directory | https://golinfieldwildcats.com/sports/2020/8/26/hhpa-fitness-facilities | https://golinfieldwildcats.com/documents/2022/8/7/2022-23_Athletics_Pol_Proc_Manual_.pdf | https://golinfieldwildcats.com/documents/2021/10/29/Linfield_Athletics_NIL_Policy.pdf | https://golinfieldwildcats.com/honors/linfield-athletics-hall-of-fame
OR-0135,OR-0135-A,Loc8NearMe,1109 S 11th St,Harrisburg,97446,OR,https://www.loc8nearme.com/,loc8nearme.com,Indoor and outdoor,Indoor and Outdoor,No,1,https://www.loc8nearme.com/ | https://www.loc8nearme.com/contact.html | https://www.loc8nearme.com/vermont/randolph/pumptech-waste-water-management/9981608/ | https://www.loc8nearme.com/about.html
OR-0136,OR-0136-A,LYFT Fitness Gresham,,Gresham,,OR,https://lyftfitnessgresham.com/,lyftfitnessgresham.com,Indoor and outdoor,Indoor and Outdoor,No,1,https://lyftfitnessgresham.com/ | https://lyftfitnessgresham.com/about-lyft-fitness/ | https://lyftfitnessgresham.com/our-team/ | https://lyftfitnessgresham.com/contact-us/ | https://lyftfitnessgresham.com/indoor-basketball-court/ | https://lyftfitnessgresham.com/wp-content/uploads/2018/11/Our-indoor-Basketball-Court.jpg
OR-0137,OR-0137-A,MAC,1849 SW Salmon St.,Portland,97205,OR,https://themac.com/,themac.com,Indoor and outdoor,Indoor and Outdoor,Yes,2,https://themac.com/ | https://themac.com/web/pages/about-mac | https://themac.com/web/pages/membership | https://themac.com/web/pages/contact-us | https://themac.com/web/pages/diversity-admissions-program
OR-0137,OR-0137-B,MAC,1849 SW Salmon St,Portland,97205,OR,https://themac.com/,themac.com,Indoor and outdoor,Indoor and Outdoor,Yes,2,https://themac.com/ | https://themac.com/web/pages/about-mac | https://themac.com/web/pages/membership | https://themac.com/web/pages/contact-us | https://themac.com/web/pages/diversity-admissions-program
OR-0138,OR-0138-A,McMinnville OR Pickleball Courts & Beginner Clinics,,McMinnville,,OR,https://mcminnvillepickleball.com/,mcminnvillepickleball.com,Indoor and outdoor,Indoor and Outdoor,No,1,https://mcminnvillepickleball.com/
OR-0139,OR-0139-A,mikesfieldhouse.org,,Klamath Falls,,OR,https://www.mikesfieldhouse.org/,mikesfieldhouse.org,Indoor and outdoor,Indoor and Outdoor,No,1,https://www.mikesfieldhouse.org/ | https://www.mikesfieldhouse.org/newpageaabf0709 | https://www.mikesfieldhouse.org/about-us | https://www.mikesfieldhouse.org/newpage | https://www.mikesfieldhouse.org/contact
OR-0140,OR-0140-A,Monroe Sports Center,,,,OR,https://www.monroesportscenter.com/,monroesportscenter.com,Indoor and outdoor,Indoor and Outdoor,No,1,https://www.monroesportscenter.com/ | https://www.monroesportscenter.com/about/ | https://www.monroesportscenter.com/contact/location.html | https://www.monroesportscenter.com/about/advertise-msc.html | https://www.monroesportscenter.com/about/layout.html | https://www.monroesportscenter.com/about/employment.html
OR-0141,OR-0141-A,Mt Hood Athletic Club -,,,,OR,https://mthoodac.com/,mthoodac.com,Indoor and outdoor,Indoor and Outdoor,No,1,https://mthoodac.com/ | https://mthoodac.com/family-youth-programs/ | https://mthoodac.com/youth-sports-party-rentals/ | https://mthoodac.com/seniors/ | https://mthoodac.com/sporting-facilities/ | https://mthoodac.com/extra-services-rentals/
OR-0142,OR-0142-A,North Pacific Management,,Portland,,OR,https://northp.com/,northp.com,Indoor and outdoor,Indoor and Outdoor,No,1,https://northp.com/ | https://northp.com/about | https://northp.com/contact | https://northp.com/leadership
OR-0143,OR-0143-A,Oregon Institute of Technology Athletics,,Klamath Falls,,OR,https://oregontechowls.com/,oregontechowls.com,Indoor and outdoor,Indoor and Outdoor,No,1,https://oregontechowls.com/ | https://oregontechowls.com/sports/2017/5/11/Mission%20Statement%20.aspx | https://oregontechowls.com/facilities | https://oregontechowls.com/staff-directory | https://oregontechowls.com/sports/2020/9/21/tech-rec-center.aspx
OR-0144,OR-0144-A,Oregon Park District,,,,OR,https://oregonpark.org/,oregonpark.org,Indoor and outdoor,Indoor and Outdoor,No,1,https://oregonpark.org/ | https://oregonpark.org/programs/online-registration/ | https://oregonpark.org/about/profile/ | https://oregonpark.org/about/staff-listing/ | https://oregonpark.org/about/history/ | https://oregonpark.org/about/faqs-frequently-asked-questions/
OR-0145,OR-0145-A,OregonFutbolAcademy,,Grants Pass,,OR,https://www.oregonfutbolacademy.com/,oregonfutbolacademy.com,Indoor and outdoor,Indoor and Outdoor,No,1,https://www.oregonfutbolacademy.com/ | https://www.oregonfutbolacademy.com/staff | https://www.oregonfutbolacademy.com/facilities | https://www.oregonfutbolacademy.com/summer-programs | https://www.oregonfutbolacademy.com/indoor-soccer | https://www.oregonfutbolacademy.com/outdoor-soccer
OR-0146,OR-0146-A,Pacific University,,Forest Grove,,OR,https://www.pacificu.edu/,pacificu.edu,Indoor and outdoor,Indoor and Outdoor,No,1,https://www.pacificu.edu/ | https://www.pacificu.edu/about | https://www.pacificu.edu/directory | https://www.pacificu.edu/faculty-staff | https://www.pacificu.edu/about/signature-events/commencement/august-graduation | https://www.pacificu.edu/magazine/oregons-oldest-private-universities-agree-merge-become-its-largest | https://www.pacificu.edu/magazine/pacific-first-oregon-offer-person-three-year-degrees
OR-0147,OR-0147-A,Pacific University Athletics,,,,OR,https://goboxers.com/,goboxers.com,Indoor and outdoor,Indoor and Outdoor,No,1,https://goboxers.com/ | https://goboxers.com/staff-directory | https://goboxers.com/sports/2014/12/4/GEN_1204143138.aspx | https://goboxers.com/historicalroster | https://goboxers.com/sports/2012/5/7/GEN_0507125636.aspx | https://goboxers.com/sports/2011/3/11/directors-letter.aspx
OR-0148,OR-0148-A,Physical Education and Recreation,,Eugene,,OR,https://rec.uoregon.edu/,rec.uoregon.edu,Indoor and outdoor,Indoor and Outdoor,No,1,https://rec.uoregon.edu/ | https://rec.uoregon.edu/memberships | https://rec.uoregon.edu/programs | https://rec.uoregon.edu/community-programs | https://rec.uoregon.edu/facilities | https://rec.uoregon.edu/about | https://rec.uoregon.edu/fitness
OR-0149,OR-0149-A,Portland Tennis Community,,Portland,,OR,https://tennisportland.com/,tennisportland.com,Indoor and outdoor,Indoor and Outdoor,No,1,https://tennisportland.com/ | https://tennisportland.com/thanks/partner_flow | https://tennisportland.com/Portland-Tennis-Courts | https://tennisportland.com/partner-program | https://tennisportland.com/thanks/partner_flow.htm | https://tennisportland.com/Portland-Tennis-Lessons | https://tennisportland.com/info/contact-email
OR-0150,OR-0150-A,Portland/Gresham Athletic Club,,Gresham,,OR,https://cascadeathleticclubs.com/,cascadeathleticclubs.com,Indoor and outdoor,Indoor and Outdoor,No,1,https://cascadeathleticclubs.com/ | https://cascadeathleticclubs.com/group-fitness-programs/class-descriptions/ | https://cascadeathleticclubs.com/fitness-programs/weight-losshealth-coaching/ | https://cascadeathleticclubs.com/sports-programs/ | https://cascadeathleticclubs.com/fitness-programs/tribe-team-training/ | https://cascadeathleticclubs.com/sports-programs/tennis/ | https://cascadeathleticclubs.com/sports-programs/racquetball/
OR-0151,OR-0151-A,"Private Country Club & Golf Course near Portland, OR",2545 3345 Sunset Beach Ln,Warrenton,97146,OR,https://illahehills.com/,illahehills.com,Indoor and outdoor,Indoor and Outdoor,Yes,6,https://illahehills.com/ | https://illahehills.com/about-us | https://illahehills.com/about-us/Contact_Us | https://illahehills.com/about-us/Board_of_Directors | https://illahehills.com/about-us/Committees | https://illahehills.com/about-us/Backnines | https://illahehills.com/about-us/Reciprocal_Clubs
OR-0151,OR-0151-B,"Private Country Club & Golf Course near Portland, OR",6900 25700 SW Petes Mountain Rd,West Linn,97068,OR,https://illahehills.com/,illahehills.com,Indoor and outdoor,Indoor and Outdoor,Yes,6,https://illahehills.com/ | https://illahehills.com/about-us | https://illahehills.com/about-us/Contact_Us | https://illahehills.com/about-us/Board_of_Directors | https://illahehills.com/about-us/Committees | https://illahehills.com/about-us/Backnines | https://illahehills.com/about-us/Reciprocal_Clubs
OR-0151,OR-0151-C,"Private Country Club & Golf Course near Portland, OR",7265 8105 NE 33rd Dr,Portland,97211,OR,https://illahehills.com/,illahehills.com,Indoor and outdoor,Indoor and Outdoor,Yes,6,https://illahehills.com/ | https://illahehills.com/about-us | https://illahehills.com/about-us/Contact_Us | https://illahehills.com/about-us/Board_of_Directors | https://illahehills.com/about-us/Committees | https://illahehills.com/about-us/Backnines | https://illahehills.com/about-us/Reciprocal_Clubs
OR-0151,OR-0151-D,"Private Country Club & Golf Course near Portland, OR",4050 2660 Hillcrest Rd,Medford,97504,OR,https://illahehills.com/,illahehills.com,Indoor and outdoor,Indoor and Outdoor,Yes,6,https://illahehills.com/ | https://illahehills.com/about-us | https://illahehills.com/about-us/Contact_Us | https://illahehills.com/about-us/Board_of_Directors | https://illahehills.com/about-us/Committees | https://illahehills.com/about-us/Backnines | https://illahehills.com/about-us/Reciprocal_Clubs
OR-0151,OR-0151-E,"Private Country Club & Golf Course near Portland, OR",8441 92512 River Rd,Junction City,97504,OR,https://illahehills.com/,illahehills.com,Indoor and outdoor,Indoor and Outdoor,Yes,6,https://illahehills.com/ | https://illahehills.com/about-us | https://illahehills.com/about-us/Contact_Us | https://illahehills.com/about-us/Board_of_Directors | https://illahehills.com/about-us/Committees | https://illahehills.com/about-us/Backnines | https://illahehills.com/about-us/Reciprocal_Clubs
OR-0151,OR-0151-F,"Private Country Club & Golf Course near Portland, OR",2102 900 Country Club Pl,Canby,97504,OR,https://illahehills.com/,illahehills.com,Indoor and outdoor,Indoor and Outdoor,Yes,6,https://illahehills.com/ | https://illahehills.com/about-us | https://illahehills.com/about-us/Contact_Us | https://illahehills.com/about-us/Board_of_Directors | https://illahehills.com/about-us/Committees | https://illahehills.com/about-us/Backnines | https://illahehills.com/about-us/Reciprocal_Clubs
OR-0152,OR-0152-A,PSU | Portland State University,,Portland,,OR,https://www.pdx.edu/,pdx.edu,Indoor and outdoor,Indoor and Outdoor,No,1,https://www.pdx.edu/ | https://www.pdx.edu/faculty-staff | https://www.pdx.edu/academic-programs/a-z | https://www.pdx.edu/academic-programs/a-z/undergraduate | https://www.pdx.edu/academic-programs/a-z/graduate | https://www.pdx.edu/student-life/involvement-leadership | https://www.pdx.edu/lsamp/
OR-0153,OR-0153-A,Racquetball - raclub.us,,Pendleton,,OR,https://www.raclub.us/,raclub.us,Indoor and outdoor,Indoor and Outdoor,No,1,https://www.raclub.us/ | https://www.raclub.us/about-us | https://www.raclub.us/facilities | https://www.raclub.us/our-team | https://www.raclub.us/membership | https://www.raclub.us/the-rules-of-the-racquetball-court | https://www.raclub.us/basketball-court
OR-0154,OR-0154-A,Recreational Sports,,,,OR,https://recsports.oregonstate.edu/,oregonstate.edu,Indoor and outdoor,Indoor and Outdoor,No,1,https://recsports.oregonstate.edu/ | https://recsports.oregonstate.edu/about | https://recsports.oregonstate.edu/about/hours | https://recsports.oregonstate.edu/about/schedule | https://recsports.oregonstate.edu/about/jobs | https://recsports.oregonstate.edu/about/contact | https://recsports.oregonstate.edu/about/recreational-sports-advisory-board
OR-0155,OR-0155-A,Resorts in Oregon,1522 Cline Falls Rd,Redmond,97756,OR,https://www.eagle-crest.com/,eagle-crest.com,Indoor and outdoor,Indoor and Outdoor,No,1,https://www.eagle-crest.com/ | https://www.eagle-crest.com/vacation-rentals/ | https://www.eagle-crest.com/vacation-rentals/special-offers/ | https://www.eagle-crest.com/vacation-rentals/eagle-creek-chalets/ | https://www.eagle-crest.com/vacation-rentals/forest-green-townhomes/ | https://www.eagle-crest.com/vacation-rentals/river-view-west-ridge-homes/ | https://www.eagle-crest.com/vacation-rentals/amenities/
OR-0156,OR-0156-A,Rogue Valley Family YMCA,,Medford,,OR,https://rvymca.org/,rvymca.org,Indoor and outdoor,Indoor and Outdoor,No,1,https://rvymca.org/ | https://rvymca.org/about | https://rvymca.org/board-staff | https://rvymca.org/programs | https://rvymca.org/programs/120002/campus-connection | https://rvymca.org/elk-trail-outdoor-school | https://rvymca.org/programs/120003/preschool
OR-0157,OR-0157-A,Rogue X | Rogue Credit Union Community Complex,,Medford,,OR,https://roguexmedford.com/,roguexmedford.com,Indoor and outdoor,Indoor and Outdoor,No,1,https://roguexmedford.com/ | https://roguexmedford.com/programs-schedules/ | https://roguexmedford.com/about/ | https://roguexmedford.com/rentals/ | https://roguexmedford.com/contact/ | https://roguexmedford.com/aquatic-center/ | https://roguexmedford.com/event-center/
OR-0158,OR-0158-A,Roseburg Sports Hub,,Douglas County,,OR,https://www.roseburgsportshub.com/,roseburgsportshub.com,Indoor and outdoor,Indoor and Outdoor,No,1,https://www.roseburgsportshub.com/ | https://www.roseburgsportshub.com/programs | https://www.roseburgsportshub.com/follow | https://www.roseburgsportshub.com/programs/2026-fall-soccer | https://www.roseburgsportshub.com/programs/2026-fall-sports-coach | https://www.roseburgsportshub.com/programs/2026-fall-sports-director-soccer-or-flag-football-paid | https://www.roseburgsportshub.com/programs/2026-fall-sports-referee-football-soccer-paid
OR-0159,OR-0159-A,S.O.P.A. (Southern Oregon Pickleball Association),,Medford,,OR,https://sopickleball.org/,sopickleball.org,Indoor and outdoor,Indoor and Outdoor,No,1,https://sopickleball.org/ | https://sopickleball.org/membership | https://sopickleball.org/Contact
OR-0160,OR-0160-A,Salem OR Pickleball,,Portland,,OR,https://salempickleball.com/,salempickleball.com,Indoor and outdoor,Indoor and Outdoor,No,1,https://salempickleball.com/
OR-0161,OR-0161-A,Salem Tennis & Swim,,Salem,,OR,https://www.salemtennisandswimclub.com/,salemtennisandswimclub.com,Indoor and outdoor,Indoor and Outdoor,No,1,https://www.salemtennisandswimclub.com/ | https://www.salemtennisandswimclub.com/memberships | https://www.salemtennisandswimclub.com/about-us
OR-0162,OR-0162-A,Salishan Coastal Lodge,,Gleneden Beach,,OR,https://salishan.com/,salishan.com,Indoor and outdoor,Indoor and Outdoor,No,1,https://salishan.com/ | https://salishan.com/memberships/ | https://salishan.com/golf/ | https://salishan.com/tennis/ | https://salishan.com/contact/
OR-0163,OR-0163-A,Sandy Post,343 Main Avenue,Gresham,97030,OR,https://sandypost.com/,sandypost.com,Indoor and outdoor,Indoor and Outdoor,No,1,https://sandypost.com/ | https://sandypost.com/services/about-us/ | https://sandypost.com/services/contact-us/ | https://sandypost.com/2026/08/10/federal-appeals-court-blocks-ruling-for-housing-trans-women-in-oregon-prisons/ | https://sandypost.com/2026/08/03/futbarrio-creates-futsal-family-at-indoor-gresham-courts/ | https://sandypost.com/2026/07/15/gov-kotek-says-her-next-oregon-budget-will-prioritize-summer-learning-programs/ | https://sandypost.com/2026/07/10/oregon-14-other-states-sue-trump-administration-to-block-school-mental-health-funding-cuts/
OR-0164,OR-0164-A,Scott Edwards Architecture,,Portland,,OR,https://www.seallp.com/,seallp.com,Indoor and outdoor,Indoor and Outdoor,No,1,https://www.seallp.com/ | https://www.seallp.com/contact | https://www.seallp.com/work/healthcare/jory-behavioral-health-secure-residential-treatment-facility | https://www.seallp.com/culture | https://www.seallp.com/process
OR-0165,OR-0165-A,Sellwood Community House,,Portland,,OR,https://www.sellwoodcommunityhouse.org/,sellwoodcommunityhouse.org,Indoor and outdoor,Indoor and Outdoor,No,1,https://www.sellwoodcommunityhouse.org/ | https://www.sellwoodcommunityhouse.org/contact-us | https://www.sellwoodcommunityhouse.org/littles-program | https://www.sellwoodcommunityhouse.org/rentals-overview | https://www.sellwoodcommunityhouse.org/request-a-rental | https://www.sellwoodcommunityhouse.org/preschool
OR-0166,OR-0166-A,SOU Campus Recreation,,Ashland,,OR,https://recreation.sou.edu/,sou.edu,Indoor and outdoor,Indoor and Outdoor,No,1,https://recreation.sou.edu/ | https://recreation.sou.edu/outdoor-program/ | https://recreation.sou.edu/about/ | https://recreation.sou.edu/about/faq/
OR-0167,OR-0167-A,Sport Court of Oregon,8008 SW 35th Ave,Portland,97219,OR,https://www.sportcourtoforegon.com/,sportcourtoforegon.com,Indoor and outdoor,Indoor and Outdoor,No,1,https://www.sportcourtoforegon.com/ | https://www.sportcourtoforegon.com/courts/multi-sport/ | https://www.sportcourtoforegon.com/courts/basketball/ | https://www.sportcourtoforegon.com/courts/pickleball/ | https://www.sportcourtoforegon.com/courts/volleyball/ | https://www.sportcourtoforegon.com/courts/tennis/ | https://www.sportcourtoforegon.com/courts/futsal/
OR-0168,OR-0168-A,Sports Destination Management,,,,OR,https://www.sportsdestinations.com/,sportsdestinations.com,Indoor and outdoor,Indoor and Outdoor,No,1,https://www.sportsdestinations.com/ | https://www.sportsdestinations.com/sports/sports-facilities | https://www.sportsdestinations.com/management | https://www.sportsdestinations.com/sport-directory/search-page | https://www.sportsdestinations.com/about-us/about-us-4360 | https://www.sportsdestinations.com/contact-us/contact-us-1 | https://www.sportsdestinations.com/management/travel/odyssey-themed-run-exploring-sports-tourism-and-38024
OR-0169,OR-0169-A,Stafford Hills Club,,Tualatin,,OR,https://staffordhills.com/,staffordhills.com,Indoor and outdoor,Indoor and Outdoor,No,1,https://staffordhills.com/ | https://staffordhills.com/fitness-programs/ | https://staffordhills.com/family-programs-events-in-tualatin/ | https://staffordhills.com/family-programming-events-in-tualatin/ | https://staffordhills.com/fitness-and-tennis-club-membership-in-tualatin/ | https://staffordhills.com/gym-and-tennis-club-plans-pricing-information-in-tualatin/
OR-0170,OR-0170-A,Steen Sports Park,,Klamath Falls,,OR,https://www.steensportspark.com/,steensportspark.com,Indoor and outdoor,Indoor and Outdoor,No,1,https://www.steensportspark.com/ | https://www.steensportspark.com/about | https://www.steensportspark.com/contact
OR-0171,OR-0171-A,Sunset Athletic Club,13939 NW Cornell Road,Portland,97229,OR,https://www.sunsetac.net/,sunsetac.net,Indoor and outdoor,Indoor and Outdoor,Yes,2,https://www.sunsetac.net/ | https://www.sunsetac.net/kids-sports-camps-programs | https://www.sunsetac.net/sac-memberships | https://www.sunsetac.net/location-hours | https://www.sunsetac.net/sac-tennis
OR-0171,OR-0171-B,Sunset Athletic Club,12429 NW Cornell Road,Portland,97229,OR,https://www.sunsetac.net/,sunsetac.net,Indoor and outdoor,Indoor and Outdoor,Yes,2,https://www.sunsetac.net/ | https://www.sunsetac.net/kids-sports-camps-programs | https://www.sunsetac.net/sac-memberships | https://www.sunsetac.net/location-hours | https://www.sunsetac.net/sac-tennis
OR-0172,OR-0172-A,Swimming Pools Near Me,,Bend,,OR,https://poolnear.me/,poolnear.me,Indoor and outdoor,Indoor and Outdoor,No,1,https://poolnear.me/ | https://poolnear.me/flagstaff-az.html | https://poolnear.me/washington-court-house-oh.html
OR-0173,OR-0173-A,Taste Newberg,210 N. Blaine St.,Newberg,,OR,https://tastenewberg.com/,tastenewberg.com,Indoor and outdoor,Indoor and Outdoor,No,1,https://tastenewberg.com/ | https://tastenewberg.com/contact-us
OR-0174,OR-0174-A,The Court Scout,,City,,OR,https://thecourtscout.com/,thecourtscout.com,Indoor and outdoor,Indoor and Outdoor,No,1,https://thecourtscout.com/ | https://thecourtscout.com/search/ | https://thecourtscout.com/pickleball/court/united-states/texas/pflugerville/pickleland-pflugerville | https://thecourtscout.com/pickleball/court/united-states/texas/san-antonio/fit-high-performance-pickleball-san-antonio | https://thecourtscout.com/pickleball/court/united-states/maryland/baltimore/sos-pickleball-baltimore | https://thecourtscout.com/pickleball/court/united-states/maryland/baltimore/sos-pickleball-baltimore-md
OR-0175,OR-0175-A,The Courts,,Gresham,,OR,https://thecourtsprogram.com/,thecourtsprogram.com,Indoor and outdoor,Indoor and Outdoor,No,1,https://thecourtsprogram.com/
OR-0176,OR-0176-A,The Grove Pickleball,,,,OR,https://grovepickleball.com/,grovepickleball.com,Indoor and outdoor,Indoor and Outdoor,No,1,https://grovepickleball.com/ | https://grovepickleball.com/about/ | https://grovepickleball.com/contact/ | https://grovepickleball.com/home-2/ | https://grovepickleball.com/pickleball-courts-dallas/
OR-0177,OR-0177-A,The Outlook,343 Main Avenue,Gresham,97030,OR,https://theoutlookonline.com/,theoutlookonline.com,Indoor and outdoor,Indoor and Outdoor,No,1,https://theoutlookonline.com/ | https://theoutlookonline.com/services/about-us/ | https://theoutlookonline.com/services/contact-us/ | https://theoutlookonline.com/2026/08/10/federal-appeals-court-blocks-ruling-for-housing-trans-women-in-oregon-prisons/ | https://theoutlookonline.com/2026/08/03/futbarrio-creates-futsal-family-at-indoor-gresham-courts/ | https://theoutlookonline.com/2026/07/15/gov-kotek-says-her-next-oregon-budget-will-prioritize-summer-learning-programs/ | https://theoutlookonline.com/2026/07/10/oregon-14-other-states-sue-trump-administration-to-block-school-mental-health-funding-cuts/
OR-0178,OR-0178-A,The PAC CC,,Salem,,OR,https://www.thepac.community/,thepac.community,Indoor and outdoor,Indoor and Outdoor,No,1,https://www.thepac.community/ | https://www.thepac.community/home-1 | https://www.thepac.community/facilityguidelines | https://www.thepac.community/blank-1
OR-0179,OR-0179-A,"The Premier Pickleball Club | Indoor Pickleball Courts | Redmond, Oregon",,Redmond,,OR,https://premierepickleballclub.com/,premierepickleballclub.com,Indoor and outdoor,Indoor and Outdoor,No,1,https://premierepickleballclub.com/
OR-0180,OR-0180-A,The Racquet Club,,,,OR,https://www.rcportland.com/,rcportland.com,Indoor and outdoor,Indoor and Outdoor,No,1,https://www.rcportland.com/ | https://www.rcportland.com/default.aspx
OR-0181,OR-0181-A,The Thoreau Club,,Simone Boscatto,,OR,https://thoreauclub.com/,thoreauclub.com,Indoor and outdoor,Indoor and Outdoor,No,1,https://thoreauclub.com/ | https://thoreauclub.com/membership/ | https://thoreauclub.com/membership/resources/ | https://thoreauclub.com/membership/benefits/ | https://thoreauclub.com/summer-membership-renewals/ | https://thoreauclub.com/tennis/adult/court-reserve/ | https://thoreauclub.com/tennis/junior/development-program/
OR-0182,OR-0182-A,Timberhill Tennis Club,,Corvallis,,OR,https://timberhilltennis.com/,timberhilltennis.com,Indoor and outdoor,Indoor and Outdoor,No,1,https://timberhilltennis.com/ | https://timberhilltennis.com/about-the-club/ | https://timberhilltennis.com/facilities/ | https://timberhilltennis.com/category/staff/ | https://timberhilltennis.com/support-staff/ | https://timberhilltennis.com/membership/ | https://timberhilltennis.com/contact-us/
OR-0183,OR-0183-A,Time Out Worldwide,,Portland,,OR,https://www.timeout.com/,timeout.com,Indoor and outdoor,Indoor and Outdoor,No,1,https://www.timeout.com/ | https://www.timeout.com/about/time-out-destinations | https://www.timeout.com/about | https://www.timeout.com/about/latest-news | https://www.timeout.com/about/investors | https://www.timeout.com/about/awards | https://careers.timeout.com/
OR-0184,OR-0184-A,Travel Oregon,,,,OR,https://traveloregon.com/,traveloregon.com,Indoor and outdoor,Indoor and Outdoor,No,1,https://traveloregon.com/ | https://traveloregon.com/travel-alerts/ | https://traveloregon.com/places-to-go/tribal-nations/ | https://traveloregon.com/about-travel-oregon/ | https://traveloregon.com/recognition-programs/
OR-0185,OR-0185-A,travelmedford.org,,Medford,,OR,https://www.travelmedford.org/,travelmedford.org,Indoor and outdoor,Indoor and Outdoor,No,1,https://www.travelmedford.org/ | https://www.travelmedford.org/sports-contact | https://www.travelmedford.org/contact-us
OR-0186,OR-0186-A,Union County Pickleb,00 pm New Indoor Location 712 18th Street,La Grande,,OR,https://www.ucpickleball.com/,ucpickleball.com,Indoor and outdoor,Indoor and Outdoor,No,1,https://www.ucpickleball.com/ | https://www.ucpickleball.com/about-5 | https://www.ucpickleball.com/contact-5
OR-0187,OR-0187-A,University of Portland Athletics,,Portland,,OR,https://portlandpilots.com/,portlandpilots.com,Indoor and outdoor,Indoor and Outdoor,No,1,https://portlandpilots.com/ | https://portlandpilots.com/staff-directory/scott-leykam/120 | https://portlandpilots.com/staff-directory | https://portlandpilots.com/news/2024/2/13/university-of-portland-athletics-unveils-new-beach-volleyball-courts.aspx
OR-0188,OR-0188-A,USA Racquetball Homepage,,Gresham,,OR,https://www.usaracquetball.com/,usaracquetball.com,Indoor and outdoor,Indoor and Outdoor,No,1,https://www.usaracquetball.com/ | https://www.usaracquetball.com/membership | https://www.usaracquetball.com/facility-partnership | https://www.usaracquetball.com/play/court-specification | https://www.usaracquetball.com/contact-us | https://www.usaracquetball.com/about/history | https://www.usaracquetball.com/about
OR-0189,OR-0189-A,USA Volleyball,,Beaverton,,OR,https://usavolleyball.org/,azregionvolleyball.org,Indoor and outdoor,Indoor and Outdoor,No,1,https://usavolleyball.org/ | https://usavolleyball.org/contact/ | https://usavolleyball.org/play/national-team-development-program/ | https://usavolleyball.org/membership/ | https://usavolleyball.org/play/about-sitting-volleyball/ | https://usavolleyball.org/play/national-team-development-program/beach-ntdp/ | https://usavolleyball.org/play/national-team-development-program/indoor-ntdp/
OR-0190,OR-0190-A,USTA PNW,,Beaverton,,OR,https://www.ustapnw.org/,ustapnw.org,Indoor and outdoor,Indoor and Outdoor,No,1,https://www.ustapnw.org/ | https://www.ustapnw.org/about/ | https://www.ustapnw.org/rectennis/programs/ | https://www.ustapnw.org/rectennis/youth-programs/ | https://www.ustapnw.org/rectennis/adult-programs/ | https://www.ustapnw.org/pnw-tennis-centers/programs/ | https://www.ustapnw.org/pnw-tennis-centers/memberships/
OR-0191,OR-0191-A,"Welcome to Our Charming Oceanfront Hotel in Lincoln City, OR",2735 NW Inlet Ave,Lincoln City,97367,OR,https://www.starfishmanor.com/,starfishmanor.com,Indoor and outdoor,Indoor and Outdoor,No,1,https://www.starfishmanor.com/ | https://www.starfishmanor.com/rooms | https://www.starfishmanor.com/location-contact
OR-0192,OR-0192-A,Welcome to The Standard Club,,Typing,,OR,https://www.standardclub.org/,standardclub.org,Indoor and outdoor,Indoor and Outdoor,No,1,https://www.standardclub.org/ | https://www.standardclub.org/web/pages/club-staff | https://www.standardclub.org/web/pages/membership | https://www.standardclub.org/web/pages/job-openings | https://www.standardclub.org/web/pages/join-our-team
OR-0193,OR-0193-A,West Hills & Mountain Park Racquet + Fitness clubs,3 Botticelli Street,Lake Oswego,97035,OR,https://www.wamclubs.com/,wamclubs.com,Indoor and outdoor,Indoor and Outdoor,No,1,https://www.wamclubs.com/ | https://www.wamclubs.com/about | https://www.wamclubs.com/join-our-community-1 | https://www.wamclubs.com/group-classes | https://www.wamclubs.com/contact
OR-0194,OR-0194-A,Western Oregon University,,Monmouth,,OR,https://wou.edu/,wou.edu,Indoor and outdoor,Indoor and Outdoor,No,1,https://wou.edu/ | https://wou.edu/resources/faculty-resources/ | https://wou.edu/athletics/ | https://wou.edu/aboutwou/ | https://wou.edu/president/
OR-0195,OR-0195-A,WherePickleball,,Portland,,OR,https://wherepickleball.com/,wherepickleball.com,Indoor and outdoor,Indoor and Outdoor,No,1,https://wherepickleball.com/ | https://wherepickleball.com/courts | https://wherepickleball.com/submit-court | https://wherepickleball.com/blog/build-pickleball-court-home-diy-guide | https://wherepickleball.com/blog/pickleball-court-surfaces-guide | https://wherepickleball.com/courts/alabama
OR-0196,OR-0196-A,www.riseupofutsal.com,,,,OR,https://www.riseupofutsal.com/,riseupofutsal.com,Indoor and outdoor,Indoor and Outdoor,No,1,https://www.riseupofutsal.com/ | https://www.riseupofutsal.com/contact
OR-0197,OR-0197-A,YMCA of DC,,Roseburg,,OR,https://www.ymcaofdouglascounty.org/,ymcaofdouglascounty.org,Indoor and outdoor,Indoor and Outdoor,No,1,https://www.ymcaofdouglascounty.org/ | https://www.ymcaofdouglascounty.org/our-y | https://www.ymcaofdouglascounty.org/membership | https://www.ymcaofdouglascounty.org/cbi | https://www.ymcaofdouglascounty.org/programs-services | https://www.ymcaofdouglascounty.org/courtyard | https://www.ymcaofdouglascounty.org/courts
OR-0198,OR-0198-A,Youth Activities at NCRD,,Nehalem,,OR,https://www.ncrd.org/,ncrd.org,Indoor and outdoor,Indoor and Outdoor,No,1,https://www.ncrd.org/ | https://www.ncrd.org/about | https://www.ncrd.org/community-center-rentals | https://www.ncrd.org/fitness-center | https://www.ncrd.org/aquatics | https://www.ncrd.org/performing-arts-center | https://www.ncrd.org/youth-activities
OR-0199,OR-0199-A,"Best Gym in Eugene | Eugene, OR | Downtown Athletic Club",999 Willamette St,Eugene,97401,OR,https://www.downtownac.com/,downtownac.com,Indoor and outdoor,Indoor and Outdoor,No,1,https://www.downtownac.com/ | https://www.downtownac.com/hours/ | https://www.downtownac.com/membership/ | https://www.downtownac.com/membership/guestpass/ | https://www.downtownac.com/join/student-membership/ | https://www.downtownac.com/amenities/ | https://www.downtownac.com/membership/corporate-wellness/ | https://www.downtownac.com/about/ | https://www.downtownac.com/faqs/ | https://www.downtownac.com/fitness/courts/ | https://www.downtownac.com/gymnasium-schedule/ | https://www.downtownac.com/train-inside-play-outside-your-eugene-summer-starts-at-the-dac/ | https://www.downtownac.com/fitness-pool-schedule/
OR-0200,OR-0200-A,Portland Basketball,,,,OR,https://portlandbasketball.com/,portlandbasketball.com,Indoor,Confirmed Indoor,No,1,https://portlandbasketball.com/ | https://portlandbasketball.com/picktoplay.php | https://portlandbasketball.com/tournaments.php | https://portlandbasketball.com/Directions.php | https://portlandbasketball.com/gym-rentals.php | https://portlandbasketball.com/moda_center_game.php | https://portlandbasketball.com/faq.php | https://portlandbasketball.com/player-waiver.php | https://portlandbasketball.com/volleyball.php
OR-0201,OR-0201-A,Rackets Academy,,,,OR,https://racketsacademy.com/,racketsacademy.com,Indoor,Confirmed Indoor,No,1,https://racketsacademy.com/ | https://racketsacademy.com/tournaments | https://racketsacademy.com/locations | https://racketsacademy.com/about | https://racketsacademy.com/about/faq | https://racketsacademy.com/about/gallery | https://racketsacademy.com/injury-prevention-in-tennis-what-rackets-academy-does-to-keep-players-healthy | https://racketsacademy.com/how-tennis-can-improve-your-fitness | https://racketsacademy.com/about/code-of-conduct | https://racketsacademy.com/about/terms-conditions
OR-0202,OR-0202-A,South Valley Athletics,,,,OR,https://southvalleyathletics.org/home,southvalleyathletics.org,Indoor,Confirmed Indoor,No,1,https://southvalleyathletics.org/home | https://southvalleyathletics.org/locations | https://southvalleyathletics.org/TimeOut.htm?aspxerrorpath=/Org/Locations.aspx
OR-0203,OR-0203-A,The YMCA of Klamath Falls,316 Main Street,Klamath Falls,97601,OR,https://www.kfallsymca.org/,kfallsymca.org,Indoor and outdoor,Indoor and Outdoor,Yes,4,https://www.kfallsymca.org/ | https://www.kfallsymca.org/our-y/about-us | https://www.kfallsymca.org/locations | https://www.kfallsymca.org/index.php | https://www.kfallsymca.org/membership/member-newsletter-archive | https://www.kfallsymca.org/membership/aquatic-fitness-center-amenities | https://www.kfallsymca.org/membership/child-watch | https://www.kfallsymca.org/membership/membership-handbook-policies | https://www.kfallsymca.org/forms/facility-rental-request | https://www.kfallsymca.org/membership/membership-discounts | https://www.kfallsymca.org/membership/ymca-nationwide-membership
OR-0203,OR-0203-B,The YMCA of Klamath Falls,1221 S. Alameda Ave.,Klamath Falls,97603,OR,https://www.kfallsymca.org/,kfallsymca.org,Indoor and outdoor,Indoor and Outdoor,Yes,4,https://www.kfallsymca.org/ | https://www.kfallsymca.org/our-y/about-us | https://www.kfallsymca.org/locations | https://www.kfallsymca.org/index.php | https://www.kfallsymca.org/membership/member-newsletter-archive | https://www.kfallsymca.org/membership/aquatic-fitness-center-amenities | https://www.kfallsymca.org/membership/child-watch | https://www.kfallsymca.org/membership/membership-handbook-policies | https://www.kfallsymca.org/forms/facility-rental-request | https://www.kfallsymca.org/membership/membership-discounts | https://www.kfallsymca.org/membership/ymca-nationwide-membership
OR-0203,OR-0203-C,The YMCA of Klamath Falls,3625 Summers Ln.,Klamath Falls,97603,OR,https://www.kfallsymca.org/,kfallsymca.org,Indoor and outdoor,Indoor and Outdoor,Yes,4,https://www.kfallsymca.org/ | https://www.kfallsymca.org/our-y/about-us | https://www.kfallsymca.org/locations | https://www.kfallsymca.org/index.php | https://www.kfallsymca.org/membership/member-newsletter-archive | https://www.kfallsymca.org/membership/aquatic-fitness-center-amenities | https://www.kfallsymca.org/membership/child-watch | https://www.kfallsymca.org/membership/membership-handbook-policies | https://www.kfallsymca.org/forms/facility-rental-request | https://www.kfallsymca.org/membership/membership-discounts | https://www.kfallsymca.org/membership/ymca-nationwide-membership
OR-0203,OR-0203-D,The YMCA of Klamath Falls,3001 Main Street,Bonanza,97623,OR,https://www.kfallsymca.org/,kfallsymca.org,Indoor and outdoor,Indoor and Outdoor,Yes,4,https://www.kfallsymca.org/ | https://www.kfallsymca.org/our-y/about-us | https://www.kfallsymca.org/locations | https://www.kfallsymca.org/index.php | https://www.kfallsymca.org/membership/member-newsletter-archive | https://www.kfallsymca.org/membership/aquatic-fitness-center-amenities | https://www.kfallsymca.org/membership/child-watch | https://www.kfallsymca.org/membership/membership-handbook-policies | https://www.kfallsymca.org/forms/facility-rental-request | https://www.kfallsymca.org/membership/membership-discounts | https://www.kfallsymca.org/membership/ymca-nationwide-membership
OR-0204,OR-0204-A,Timberhill Athletic Club in Corvallis Oregon,,Corvallis,,OR,https://timberhillac.com/,timberhillsports.com,Indoor and outdoor,Indoor and Outdoor,No,1,https://timberhillac.com/ | https://timberhillac.com/about-us/ | https://timberhillac.com/amenities/ | https://timberhillac.com/amenities/group-exercise/ | https://timberhillac.com/amenities/courts/ | https://timberhillac.com/amenities/personal-training/ | https://timberhillac.com/amenities/swim/ | https://timberhillac.com/kids-playroom/ | https://timberhillac.com/members/ | https://timberhillac.com/contact-us/ | https://timberhillac.com/join/ | https://timberhillac.com/category/gym/
